{
    "order":["start_meta", "L1", "L2", "L3", "L4", "L5"],
    "line_positions":{
        "start_meta": [53.11918475446165, 18.064049126264866, 53.11906718076935, 18.064184701438123],
        "L1":[53.117887754487846, 18.063220847697686, 53.11789369244044, 18.06342367012045],
        "L2": [53.11790015335082, 18.063703218736205, 53.11794449899538, 18.06386387531651],
        "L3": [53.1181837777794, 18.06464299255726, 53.11812677089638, 18.06478275630325],
        "L4": [53.11906517640684, 18.064315750961093, 53.118946504746816, 18.064445301512308],
        "L5": [53.1190944340169, 18.06564340290461, 53.11904107733847, 18.065823906941294]
        }
    }
